{"cameraMode":{"drawMode":0,"name":"Shaded","section":"Shading Mode"},"sceneLighting":false,"audioPlay":false,"sceneViewState":{"m_AlwaysRefresh":false,"showFog":true,"showSkybox":false,"showFlares":true,"showImageEffects":true,"showParticleSystems":true,"showVisualEffectGraphs":true,"m_FxEnabled":false},"in2DMode":false,"pivot":{"x":-0.07406377792358399,"y":0.687525749206543,"z":-0.13984620571136475},"rotation":{"x":-0.2829149663448334,"y":0.1649780124425888,"z":-0.04946679249405861,"w":-0.9435545206069946},"size":1.6324398517608643,"orthographic":false}